--insert 20 rows of metata
--Database was restructured an dcan be found in "C:\Users\mrton\Desktop\College Notes\MIS407DataBaseConcepts\MIS407Assignmnets\PortfolioProject_RelationalDataBaseCretaion\MIS407PortfolioINSERTcode.txt"


--------------------------------------------------------------------------------------
INSERT INTO Distributor (Distributor_ID, Phone, Business_Name, Date_Of_Business) VALUES 
(1, '555-1234', 'Alpha Distributors', '2010-05-15'),
(2, '555-5678', 'Beta Distributors', '2011-07-20'),
(3, '555-8765', 'Gamma Distributors', '2012-09-25'),
(4, '555-4321', 'Delta Distributors', '2013-11-30'),
(5, '555-8765', 'Epsilon Distributors', '2014-01-05'),
(6, '555-3456', 'Zeta Distributors', '2015-03-10'),
(7, '555-6543', 'Eta Distributors', '2016-05-15'),
(8, '555-6789', 'Theta Distributors', '2017-07-20'),
(9, '555-9876', 'Iota Distributors', '2018-09-25'),
(10, '555-2345', 'Kappa Distributors', '2019-11-30'),
(11, '555-7654', 'Lambda Distributors', '2020-01-05'),
(12, '555-8765', 'Mu Distributors', '2021-03-10'),
(13, '555-5432', 'Nu Distributors', '2022-05-15'),
(14, '555-2345', 'Xi Distributors', '2023-07-20'),
(15, '555-6789', 'Omicron Distributors', '2024-09-25'),
(16, '555-1234', 'Pi Distributors', '2010-05-15'),
(17, '555-5678', 'Rho Distributors', '2011-07-20'),
(18, '555-8765', 'Sigma Distributors', '2012-09-25'),
(19, '555-4321', 'Tau Distributors', '2013-11-30'),
(20, '555-3456', 'Upsilon Distributors', '2014-01-05');


INSERT INTO Customer (Customer_ID, CusOrderID, Name, Address, TelephoneNumber) VALUES 
(1, 101, 'Alice Johnson', '123 Elm St', '555-1111'),
(2, 102, 'Bob Smith', '456 Oak St', '555-2222'),
(3, 103, 'Charlie Brown', '789 Pine St', '555-3333'),
(4, 104, 'David Jones', '101 Maple St', '555-4444'),
(5, 105, 'Eve Davis', '202 Birch St', '555-5555'),
(6, 106, 'Frank Miller', '303 Cedar St', '555-6666'),
(7, 107, 'Grace Lee', '404 Spruce St', '555-7777'),
(8, 108, 'Hank Green', '505 Aspen St', '555-8888'),
(9, 109, 'Ivy King', '606 Redwood St', '555-9999'),
(10, 110, 'Jack White', '707 Willow St', '555-1010'),
(11, 111, 'Kara Black', '808 Cherry St', '555-2020'),
(12, 112, 'Leo Green', '909 Magnolia St', '555-3030'),
(13, 113, 'Mia Blue', '1010 Cypress St', '555-4040'),
(14, 114, 'Noah Grey', '1111 Palm St', '555-5050'),
(15, 115, 'Olivia Gold', '1212 Olive St', '555-6060'),
(16, 116, 'Paul Silver', '1313 Poplar St', '555-7070'),
(17, 117, 'Quinn Brown', '1414 Fir St', '555-8080'),
(18, 118, 'Rita Black', '1515 Larch St', '555-9090'),
(19, 119, 'Sam White', '1616 Elm St', '555-1111'),
(20, 120, 'Tina Green', '1717 Oak St', '555-2222');


INSERT INTO Actor (Actor_ID, Movie_ID, First_Name, Last_Name) VALUES 
(1, 1, 'John', 'Doe'),
(2, 2, 'Jane', 'Smith'),
(3, 3, 'Jim', 'Beam'),
(4, 4, 'Jack', 'Daniels'),
(5, 5, 'Jill', 'Valentine'),
(6, 6, 'James', 'Bond'),
(7, 7, 'Jason', 'Bourne'),
(8, 8, 'Jenny', 'Craig'),
(9, 9, 'Jerry', 'Seinfeld'),
(10, 10, 'Jessie', 'Pinkman'),
(11, 11, 'Jacob', 'Black'),
(12, 12, 'Jessica', 'Jones'),
(13, 13, 'Jordan', 'Belfort'),
(14, 14, 'Jared', 'Leto'),
(15, 15, 'Jon', 'Snow'),
(16, 16, 'Jack', 'Sparrow'),
(17, 17, 'James', 'Kirk'),
(18, 18, 'Jasmine', 'Disney'),
(19, 19, 'Jasper', 'Hale'),
(20, 20, 'Joy', 'Luck');

INSERT INTO Awards (Award_ID, Award_Name, Movie_ID) VALUES 
(1, 'Best Picture', 1),
(2, 'Best Director', 2),
(3, 'Best Actor', 3),
(4, 'Best Actress', 4),
(5, 'Best Screenplay', 5),
(6, 'Best Cinematography', 6),
(7, 'Best Editing', 7),
(8, 'Best Visual Effects', 8),
(9, 'Best Sound', 9),
(10, 'Best Original Score', 10),
(11, 'Best Costume Design', 11),
(12, 'Best Makeup', 12),
(13, 'Best Production Design', 13),
(14, 'Best Documentary', 14),
(15, 'Best Animated Feature', 15),
(16, 'Best Foreign Language Film', 16),
(17, 'Best Short Film', 17),
(18, 'Best Original Song', 18),
(19, 'Best Supporting Actor', 19),
(20, 'Best Supporting Actress', 20);

INSERT INTO Country (Movie_ID, Country_ID, Country_Name) VALUES 
(1, 1, 'USA'),
(2, 2, 'Canada'),
(3, 3, 'UK'),
(4, 4, 'Australia'),
(5, 5, 'Germany'),
(6, 6, 'France'),
(7, 7, 'Italy'),
(8, 8, 'Spain'),
(9, 9, 'Japan'),
(10, 10, 'China'),
(11, 11, 'India'),
(12, 12, 'Mexico'),
(13, 13, 'Brazil'),
(14, 14, 'Russia'),
(15, 15, 'South Korea'),
(16, 16, 'South Africa'),
(17, 17, 'New Zealand'),
(18, 18, 'Argentina'),
(19, 19, 'Sweden'),
(20, 20, 'Norway');

INSERT INTO Director (Movie_ID, Director_ID, First_Name, Last_Name) VALUES 
(1, 1, 'Steven', 'Spielberg'),
(2, 2, 'Christopher', 'Nolan'),
(3, 3, 'Quentin', 'Tarantino'),
(4, 4, 'James', 'Cameron'),
(5, 5, 'Martin', 'Scorsese'),
(6, 6, 'Ridley', 'Scott'),
(7, 7, 'Peter', 'Jackson'),
(8, 8, 'Clint', 'Eastwood'),
(9, 9, 'Tim', 'Burton'),
(10, 10, 'Ron', 'Howard'),
(11, 11, 'Woody', 'Allen'),
(12, 12, 'George', 'Lucas'),
(13, 13, 'Francis', 'Ford Coppola'),
(14, 14, 'Stanley', 'Kubrick'),
(15, 15, 'Alfred', 'Hitchcock'),
(16, 16, 'Billy', 'Wilder'),
(17, 17, 'David', 'Fincher'),
(18, 18, 'Sofia', 'Coppola'),
(19, 19, 'Spike', 'Lee'),
(20, 20, 'David', 'Lynch');

INSERT INTO Genre (Genre_ID, Genre_Name) VALUES 
(1, 'Action'),
(2, 'Comedy'),
(3, 'Drama'),
(4, 'Horror'),
(5, 'Sci-Fi'),
(6, 'Animation'),
(7, 'Thriller'),
(8, 'Documentary'),
(9, 'Fantasy'),
(10, 'Historical');

INSERT INTO Languages (Movie_ID, Movie_Language) VALUES 
(1, 'English'),
(2, 'Spanish'),
(3, 'French'),
(4, 'German'),
(5, 'Italian'),
(6, 'Japanese'),
(7, 'Korean'),
(8, 'Chinese'),
(9, 'Hindi'),
(10, 'Portuguese'),
(11, 'Russian'),
(12, 'Arabic'),
(13, 'Turkish'),
(14, 'Dutch'),
(15, 'Swedish'),
(16, 'Norwegian'),
(17, 'Danish'),
(18, 'Finnish'),
(19, 'Polish'),
(20, 'Greek');

INSERT INTO MovieRating (Movie_ID, Rating, Rating_Company, Description) VALUES 
(1, 'PG-13', 'MPAA', 'Some material may be inappropriate for children under 13'),
(2, 'R', 'MPAA', 'Restricted to audiences over 17'),
(3, 'G', 'MPAA', 'General audiences'),
(4, 'PG', 'MPAA', 'Parental guidance suggested'),
(5, 'NC-17', 'MPAA', 'Adults Only'),
(6, 'PG-13', 'BBFC', 'Suitable for 13 years and older'),
(7, 'R', 'BBFC', 'Restricted'),
(8, 'G', 'BBFC', 'Suitable for all ages'),
(9, 'PG', 'BBFC', 'Parental guidance advised'),
(10, 'NC-17', 'BBFC', 'No one 17 and under admitted'),
(11, 'PG-13', 'FSK', 'Some material may not be suitable for children under 13'),
(12, 'R', 'FSK', 'Restricted'),
(13, 'G', 'FSK', 'Suitable for all audiences'),
(14, 'PG', 'FSK', 'Parental guidance advised'),
(15, 'NC-17', 'FSK', 'Adults Only'),
(16, 'PG-13', 'CBFC', 'Some material may be unsuitable for children under 13'),
(17, 'R', 'CBFC', 'Restricted'),
(18, 'G', 'CBFC', 'General audiences'),
(19, 'PG', 'CBFC', 'Parental guidance suggested'),
(20, 'NC-17', 'CBFC', 'Adults Only');

INSERT INTO Studio (Studio_ID, Studio_Name, Movie_ID) VALUES 
(1, 'Warner Bros', 1),
(2, 'Universal Pictures', 2),
(3, '20th Century Fox', 3),
(4, 'Paramount Pictures', 4),
(5, 'Columbia Pictures', 5),
(6, 'Walt Disney Studios', 6),
(7, 'Sony Pictures', 7),
(8, 'MGM', 8),
(9, 'Lionsgate', 9),
(10, 'DreamWorks', 10),
(11, 'Pixar', 11),
(12, 'New Line Cinema', 12),
(13, 'Miramax', 13),
(14, 'A24', 14),
(15, 'Focus Features', 15),
(16, 'TriStar Pictures', 16),
(17, 'Legendary Pictures', 17),
(18, 'Blumhouse Productions', 18),
(19, 'Studio Ghibli', 19),
(20, 'Castle Rock Entertainment', 20);

INSERT INTO Inventory (Movie_ID, Distributor_ID, Physical_Copy_ID, Cost, Quantities) VALUES 
(1, 1, 101, 19.99, 10),
(2, 2, 102, 14.99, 5),
(3, 3, 103, 9.99, 20),
(4, 1, 104, 24.99, 7),
(5, 2, 105, 29.99, 12),
(6, 3, 106, 19.99, 15),
(7, 1, 107, 11.99, 8),
(8, 2, 108, 21.99, 14),
(9, 3, 109, 16.99, 11),
(10, 1, 110, 17.99, 6),
(11, 2, 111, 22.99, 3),
(12, 3, 112, 12.99, 9),
(13, 1, 113, 27.99, 4),
(14, 2, 114, 18.99, 13),
(15, 3, 115, 25.99, 2),
(16, 1, 116, 20.99, 19),
(17, 2, 117, 14.49, 17),
(18, 3, 118, 28.99, 16),
(19, 1, 119, 23.99, 18),
(20, 2, 120, 26.99, 1);

INSERT INTO Catalog (Distributor_ID, Item_ID, format, price, availability, Movie_ID, Genre_ID, catalog_id) VALUES 
(1, 101, 'DVD', 15.99, true, 1, 1, 1),
(2, 102, 'Blu-ray', 19.99, true, 2, 2, 2),
(3, 103, 'Digital', 9.99, true, 3, 3, 3),
(4, 104, 'DVD', 14.99, true, 4, 4, 4),
(5, 105, 'Blu-ray', 24.99, true, 5, 5, 5),
(6, 106, 'Digital', 12.99, true, 6, 6, 6),
(7, 107, 'DVD', 18.99, true, 7, 7, 7),
(8, 108, 'Blu-ray', 21.99, true, 8, 8, 8),
(9, 109, 'Digital', 11.99, true, 9, 9, 9),
(10, 110, 'DVD', 19.99, true, 10, 10, 10),
(11, 111, 'Blu-ray', 22.99, true, 11, 1, 11),
(12, 112, 'Digital', 13.99, true, 12, 2, 12),
(13, 113, 'DVD', 17.99, false, 13, 3, 13),
(14, 114, 'Blu-ray', 23.99, false, 14, 4, 14),
(15, 115, 'Digital', 10.99, false, 15, 5, 15),
(16, 116, 'DVD', 16.99, false, 16, 6, 16),
(17, 117, 'Blu-ray', 25.99, false, 17, 7, 17),
(18, 118, 'Digital', 14.99, false, 18, 8, 18),
(19, 119, 'DVD', 20.99, false, 19, 9, 19),
(20, 120, 'Blu-ray', 26.99, false, 20, 10, 20);

INSERT INTO Sales (SalesOrderID, Customer_Price, Date_Rented, Date_Returned, Failure_to_Rewind, Total_Price, Taxes, Discounted_Percentage, Damage_Fee, Failure_Rewind_Fee, physical_copy_id, customer_id) VALUES 
(1, 5.99, '2024-01-01', '2024-01-03', 0, 6.99, 1.00, 0, 0.00, 0.00, 101, 1),
(2, 6.99, '2024-01-02', '2024-01-04', 1, 8.99, 1.50, 0, 0.50, 0.50, 102, 2),
(3, 4.99, '2024-01-03', '2024-01-05', 0, 5.99, 1.00, 10, 0.00, 0.00, 103, 3),
(4, 7.99, '2024-01-04', '2024-01-06', 0, 9.49, 1.50, 15, 0.00, 0.00, 104, 4),
(5, 5.99, '2024-01-05', '2024-01-07', 1, 7.99, 2.00, 5, 1.00, 1.00, 105, 5),
(6, 8.99, '2024-01-06', '2024-01-08', 0, 10.99, 2.00, 20, 0.00, 0.00, 106, 6),
(7, 6.99, '2024-01-07', '2024-01-09', 0, 8.49, 1.50, 0, 0.00, 0.00, 107, 7),
(8, 7.49, '2024-01-08', '2024-01-10', 1, 9.99, 2.50, 10, 0.50, 0.50, 108, 8),
(9, 5.49, '2024-01-09', '2024-01-11', 0, 6.99, 1.50, 5, 0.00, 0.00, 109, 9),
(10, 6.49, '2024-01-10', '2024-01-12', 1, 8.99, 2.50, 0, 0.50, 0.50, 110, 10),
(11, 8.49, '2024-01-11', '2024-01-13', 0, 10.49, 2.00, 15, 0.00, 0.00, 111, 11),
(12, 5.99, '2024-01-12', '2024-01-14', 1, 8.49, 2.50, 20, 1.00, 1.00, 112, 12),
(13, 7.99, '2024-01-13', '2024-01-15', 0, 9.99, 2.00, 10, 0.00, 0.00, 113, 13),
(14, 6.99, '2024-01-14', '2024-01-16', 1, 9.49, 2.50, 5, 0.50, 0.50, 114, 14),
(15, 8.99, '2024-01-15', '2024-01-17', 0, 11.49, 2.50, 0, 0.00, 0.00, 115, 15),
(16, 7.49, '2024-01-16', '2024-01-18', 0, 9.99, 2.50, 15, 0.00, 0.00, 116, 16),
(17, 5.49, '2024-01-17', '2024-01-19', 1, 7.99, 2.50, 20, 1.00, 1.00, 117, 17),
(18, 6.99, '2024-01-18', '2024-01-20', 0, 8.49, 1.50, 10, 0.00, 0.00, 118, 18),
(19, 7.49, '2024-01-19', '2024-01-21', 1, 9.99, 2.50, 5, 0.50, 0.50, 119, 19),
(20, 8.99, '2024-01-20', '2024-01-22', 0, 11.49, 2.50, 0, 0.00, 0.00, 120, 20);

INSERT INTO Movie (Movie_ID, Title, Running_Length, Genre_ID) VALUES 
(1, 'The Great Adventure', 120, 1),
(2, 'Mystery of the Lost City', 90, 2),
(3, 'Romantic Escapade', 110, 3),
(4, 'Horror Night', 100, 4),
(5, 'Sci-Fi Wonders', 130, 5),
(6, 'Animated Fun', 80, 6),
(7, 'Action Packed', 105, 7),
(8, 'Dramatic Tales', 95, 8),
(9, 'Fantasy World', 115, 9),
(10, 'Historical Saga', 140, 10),
(11, 'Thrilling Pursuit', 125, 1),
(12, 'Comedy Fiesta', 85, 2),
(13, 'Adventure in Space', 135, 3),
(14, 'Mystery Mansion', 90, 4),
(15, 'Romantic Comedy', 100, 5),
(16, 'Horror Fest', 110, 6),
(17, 'Sci-Fi Odyssey', 120, 7),
(18, 'Animated Adventures', 75, 8),
(19, 'Action Thriller', 95, 9),
(20, 'Dramatic Saga', 145, 10);




